Name,ASIN,Parent ASIN,SKU,Total Sales,Category,Type,Total Orders,Total Units,Refund Sales,Refunds,Refund Rate,Return Rate Threshold
Post Op Shoe By Vive (Small),B00ZNU6JQG;B00ZNU6JIO;B07F8YQHWL;B00ZNU6JRK;B00ZNU6JQG;B0BBTPTPK6;B00ZNU6JIO;B00ZNU6JNE;B00ZNU6JRK;B07F8YQHWL;B00ZNU6JNE;B00ZNU6JRK;B07F8YQHWL;B07F8YQHWL,B00ZNU6IXK,SUP1036S;SUP1036M;SUP1036XS;SUP1036L;SUP1036S-UPC;SUP1036XXS;SUP1036M-UPC;SUP1036XL;SUP1036L-UPC;SUP1036XS-UPC;SUP1036XL-UPC;SUP1036LFBM;FBA16Q0SJ3X1.missing2;SUP1036XSFBM,"$906,679.45",SUP,Post Op Shoes,33366,34838,"-$209,778.59",8009,-23.14%,24.00%
Offloading Post Op Shoe (Large),B07YYMQTNX;B07YYKYWW2;B07YYLH79F;B07YYLQK5L;B07YYMQTNX;B07YYKYWW2;B07YYLQK5L;B07YYLQK5L;B07YYKH6VF;B07YYKH6VF;B07YYKH6VF,B07YYKWBHP,RHB2012BLKL;RHB2012BLKM;RHB2012BLKS;RHB2012BLKXL;RHB2012BLKL-UPC;RHB2012BLKM-UPC;RHB2012BLKXL-UPC;RHB2012BLKXLFBM;RHB2012BLKXS-UPC;RHB2012BLKXSFBM;RHB2012BLKXS,"$180,960.93",RHB,Post Op Shoes,5071,5241,"-$43,291.46",1251,-23.92%,24.00%
Heel Wedge Post Op Shoe (Large),B07YVNH4XH;B07YVNJ5GF;B07YVNHNRV;B07YVNPPRC;B07YVNJ5GF;B07YVNH4XH;B07YVNPPRC;B07YVNHNRV;B07YVNHM3Q,B07YVNPZ6Q,RHB2011BLKL;RHB2011BLKM;RHB2011BLKS;RHB2011BLKXL;RHB2011BLKM-UPC;RHB2011BLKL-UPC;RHB2011BLKXL-UPC;RHB2011BLKS-UPC;RHB2011BLKXS,"$170,804.79",RHB,Post Op Shoes,5093,5433,"-$36,475.21",1168,-21.35%,24.00%
Closed Toe Post OP Shoe,B0BBSVPTGP;B0BBTFRWBH;B0BBSWJ49B;B0BBSZ3N1D;B0BBSZ3N1D;B0BBSWJ49B;B0BBSYVFBH;B0BBT14HSP,B0BBSWC4JJ,RHB2096BLKL;RHB2096BLKM;RHB2096BLKS;RHB2096BLKXL;RHB2096BLKXL-UPC;Amazon.Found.B0BBSWJ49B;RHB2096BLKXS;RHB2096BLKXXS,"$108,315.73",RHB,Post Op Shoes,3205,3352,"-$31,572.78",974,-29.15%,24.00%
Vive Thigh Compression Sleeve - Upper Leg Wrap Recovery And Protection - Groin Quad Muscle Support - Stretcher Brace Hamstring Injury For Pain Relief And Recovery - Stretch Ideal For Women And Men (Medium),B09MSRZSGV;B09MSRJWZS;B09MSRFRFX;B09MSRFRFX;B09MSRJWZS;B09MSQS8V8;B09MSQS8V8;B09MSRZSGV,B09MSRVTG1,SUP2093M;SUP2093XL;SUP2093L;SUP2093L-UPC;SUP2093XL-UPC;SUP2093S-UPC;SUP2093S;SUP2093M-UPC,"$126,778.69",SUP,Groin,6351,6491,"-$22,468.53",1153,-17.72%,20.00%
Groin Wrap by Vive,B00WTIIV6G;B07LFLXGJY;B07KGJ92NC;B0813WDXBV;B0813X9N2X;B07KGFXQJQ,B0B1S7TMGQ,SUP1026;SUP1026L;SUP1026BGE;SUP1026LGRY;SUP1026LBGE;SUP1026GRY,"$49,864.37",SUP,Groin,1915,1956,"-$12,790.23",488,-25.65%,20.00%
Stand Assist (Black),B07L4ZC5KJ;B07L4ZC5KJ;B07L4ZC5KJ,B07L4Y5453,SUP1090BLK;SUP1090BLK-UPC;SUP1090BLKFBM,"$472,348.97",SUP,stand assist,9281,9456,"-$86,800.05",1735,-18.38%,18.50%
Multi-Room Stand Assist (Black),B0BPR6KTF5;B0BPR6KTF5,B0BPR823Q1,LVA3014BLK;Uncommingled.MSKU.1697824806962,"$89,209.10",LVA,stand assist,1729,1798,"-$15,243.54",305,-17.09%,18.50%
Portable Stand Assist (Black),B0BRQNNQ2S,B0BRQPZL1W,LVA3016BLK,"$15,580.01",LVA,stand assist,350,356,"-$7,200.37",165,-46.22%,18.50%
Stand Assist Loop (1),B07RB6Z2G8;B07R5VDMQ2;B07RB6Z2G8,B07RBWFP9X,LVA2016;LVA2016PK2;LVA2016FBM,"$12,174.65",LVA,stand assist,849,881,"-$1,136.01",82,-9.33%,18.50%
"Vive 2 in 1 Walker & Stand Assist - Rolling Walker for Seniors & Adults - Lightweight, Folding, Front 5"" Wheels - Standing Roller for Elderly, Handicap - Collapsible for Travel, Adjustable Height",B0CMSTXGFB,B0CX25TJK7,MOB1084SLVFBM,"$25,647.38",MOB,stand assist,192,194,"-$3,166.25",28,-12.35%,18.50%
Standard Alternating Pressure Mattress by Vive,B00TZ73MUY;B00TZ73MUY,B0DCRF4Q2N,LVA1004;LVA1004-UPC,"$3,220,162.94",LVA,APM,41132,41624,"-$584,004.54",7569,-18.14%,18.00%
Alternating Pressure Pad Replacement (1),B07Y2GBC3F;B07Y2GBC3F;B0CR5QRTFL,B0DB2Z54R5,LVA2030BGE;LVA2030BGE-UPC;LVA3024PPR,"$104,444.47",LVA,APM,2694,2925,"-$14,461.97",404,-13.85%,18.00%
"Vive Alternating Seat Cushion - Air Pressure Comfortable Seating - Self Inflating Wheelchair Seat - Rechargeable Battery Pump - Portable Sitting Pillow for Mobility Aids, Office Chair, Car and Travel (Black)",B09M4YJXR6,B09M4YLMJ3,CSH1084BLK,"$160,707.91",CSH,APM,736,741,"-$40,447.81",187,-25.17%,18.00%
"Vive 8"" Alternating Pressure Mattress - Low Air Loss Hospital Replacement Mattress - Medical Bed Topper for Pressure Ulcers and Bed Sores - Variable, Inflatable Pressure Pump System",B0719CQM5H;B0719CQM5H,B0DK9ZGRGC,LVA1066-UPC;LVA1066FBM,"$352,756.85",LVA,APM,916,954,"-$48,798.00",133,-13.83%,18.00%
"5"" Alternating Pressure Mattress",B07CBBG2JW;B07CBBG2JW,B0DCQGM5SS,LVA1082;LVA1082FBM,"$92,864.16",LVA,APM,512,515,"-$19,838.01",109,-21.36%,18.00%
Tube Alternating Pressure Pad,B0C4X4YX62,,LVA3024BGE,"$12,411.69",LVA,APM,240,240,"-$2,244.58",39,-18.08%,18.00%
Compact Toilet Safety Rail,B06WD46FH2,,LVA1055,"$1,454,478.36",LVA,Commode Rail,29549,30866,"-$245,494.41",5158,-16.88%,17.00%
"Vive Stand Alone Toilet Rail - Medical Bathroom Safety Assist Frame with Support Grab Bar Handles & Railings for Elderly, Senior, Handicap & Disabled - Freestanding Commode Stability Handrails",B015789VQI,,LVA1023FBM,"$246,982.07",LVA,Commode rail,3496,3592,"-$37,290.27",556,-15.10%,16.00%
Vive Gel Toilet Seat Cushion Cover - Fits Elongated and Standard Toilet Models - Adhesive Padded Cushions for Pressure Relief (Blue),B09Y9G8YX2;B09Y9G8YX2;B0D65RLWRL,B09Y9FB5HT,CSH1087BLU;CSH1087BLU-UPC;CSH1087CLR,"$86,450.09",CSH,Commode cushion,3283,3437,"-$9,822.11",390,-11.36%,16.00%
Hinged Toilet Seat Riser by Vive (Elongated),B074JBDZ1Q;B074JCS43Y;B074JCS43Y;B074JBDZ1Q,B074JCVQRF,LVA1070E;LVA1070S;LVA1070SFBM;LVA1070EFBM,"$137,740.25",LVA,Commode Riser,2036,2086,"-$25,114.67",378,-18.23%,16.00%
"Vive Toilet Rail - Bathroom Safety Frame - Medical Railing Helper for Elderly, Handicap, Disabled, Seniors - Bariatric Assist Handrail Grab Bar - Adjustable Height, Padded Arms Fit Most Toilet Seats",B015787R1O,B0C2LSFSBK,LVA1010FBM,"$120,231.86",LVA,Commode rail,1896,1974,"-$21,490.88",351,-17.87%,16.00%
"Vive Transfer Board - Patient Slide Assist Device for Transferring Patient from Wheelchair to Bed, Bathtub, Toilet, Car - Bariatric Heavy Duty Wooden Sliding Transport Platform (36"" x 11.8"")",B07PHZQR32;B07PHZQR32;B07662CCQN;B07662CCQN;B07PHZQR32,B07PFQJ9HH,RHB1037WOODL;RHB1037WOODLFBM;RHB1037WOOD;RHB1037WOODFBM;RHB1037WOODL-UPC,"$121,042.14",RHB,Commode rail,1855,1890,"-$19,527.99",299,-16.13%,16.00%
"Vive Toilet Seat Cushion (2-Inch High Density Foam) - Easy Clean Soft Portable Raised Padded Bathroom Attachment - Elongated, Standard Seats - Comfort And Support For Handicap, Adults, Tailbone Pain (High Density)",B09DRK1V5V;B09DHNL8VP;B09DHNL8VP,B09V3DXXJP,CSH1061WHT2;CSH1078WHT;CSH1078WHT-UPC,"$60,299.38",CSH,Commode cushion,1366,1395,"-$12,343.59",268,-20.47%,16.00%
"Vive Toilet Aid for Wiping - Handicapped Accessories Fat Cleaner Tool - Bathroom Butt Assistance for Elderly, Disabled, After Surgery, Obese People, Seniors, Women - Personal Hygiene - Long Reach",B0CC4CHXPP;B0CC4CHXPP,B0DDNJMFTW,LVA3029WHT;LVA3029WHT-UPC,"$38,743.85",LVA,Commode rail,2339,2418,"-$3,034.81",187,-7.83%,16.00%
"Vive Raised Toilet Seat - 5"" Portable, Elevated Riser with Padded Handles - Elongated and Standard Fit Commode Lifter - Bathroom Safety Extender Assists Disabled, Elderly, Seniors, Handicapped (1)",B00WHAFY98,B08FCW6WT2,LVA1011FBM,"$45,903.55",LVA,Commode seat,577,586,"-$8,317.59",118,-18.12%,16.00%
Vive Floor to Ceiling Grab Bar - Stand Assist Aid for Elderly - Shower Safety Bar for Seniors - Stand Assist Transfer Pole - Shower Support Pole - Toilet Rail for Disabled & Handicap Security,B0B5FPKW8G,B0B5FL2QYY,LVA1100BLKFBM,"$74,459.62",LVA,Commode rail,490,530,"-$13,415.47",96,-18.02%,16.00%
"Vive Angled Shower Grab Bar (Supports 440lbs) - ADA Compliant Tub, Bathroom, Bathtub Safety Assist Rail for Handicap, Seniors, Elderly - 16in Grip Handle for Bath and Toilet - Brushed Nickel Finish",B0BYFBMV2L;B0BYFBMV2L,B0BYF9TJP9,LVA3017M-UPC;LVA3017M,"$18,628.27",LVA,Commode rail,525,575,"-$2,523.39",76,-13.55%,16.00%
"Vive Bariatric Bedside Commode - Folding 3n1 Toilet Seat Chair - Portable, Extra Wide with Bucket Splash Guard - Heavy Duty, Adult Bathroom Bari DME Bedaide - Pail Fits Standard Disposable Liner Bags",B06VXCLLQW,,LVA1059FBM,"$60,852.08",LVA,Commode rail,402,414,"-$6,849.31",55,-11.26%,16.00%
Vive Toilet Bowl Liners - 24 Count? Leak Resistant ? Universal Size Fits Any Size Indoor or Outdoor Toilet ? Eliminates Odors ? Convert Regular Toilet to Dry Toilet (24 Pack),B09T4T66HD;B0CLBH8C7B;B0CLBHHN1M;B09T4T66HD,B09T4TYZ3S,LVA2104PAK24;LVA2104PAK48;LVA2104PAK72;LVA2104PAK24-UPC,"$25,767.39",LVA,Commode rail,994,1097,"-$1,028.01",46,-3.99%,16.00%
"Vive Toilet Safety Rail Frame - Grab Bars for Bathroom - Fall Prevention - Adjustable Non Slip for Adults, Seniors, Elderly, Disabled, Handicapped - Padded Handle Support - Medical Device for Home Use",B07WSG1YK9,,LVA2025SLVFBM,"$18,009.28",LVA,Commode rail,252,268,"-$2,082.12",36,-11.56%,16.00%
"Vive Commode Liners for Bedside Toilet Chair Bucket, Bedpan (24 Pack) - Caregiver Supplies for Potty Portable Toilet Bowl - Disposable Medical Adults Supplies Seat Covers Chair - Universal Size (24)",B09WF43RSR;B0CLBG2N63;B0CLBTYP93,B0CMYMC6V2,LVA2105PAK24;LVA2105PAK100;LVA2105PAK48,"$11,733.65",LVA,Commode rail,830,1011,-$463.64,35,-3.95%,16.00%
"Vive Toilet Grab Bar - Handicap Bars for Bathroom Wall w/Paper Holder - Safety Support for Elderly, Seniors & Disabled - Handrail Assist for Restroom Walls Aids Getting up from Toilets - Hand Rails",B0CFHYF8KJ;B0CJL4FWK7;B0CJLTWZZM,B0D7DTB5LP,LVA3032SLV;LVA3032NKL;LVA3032BLK,"$4,981.04",LVA,Commode rail,188,206,-$861.59,34,-17.30%,16.00%
"Vive Bedside Commode - Narrow Folding Toilet Seat for Adults, Handicap, Elderly - Fits Most Liner - Adjustable Height, Portable, Lightweight, Wide 3 in 1 Medical Toilet Chair Stool with Lid",B01L286LZ6,,LVA1038FBM,"$14,723.19",LVA,Commode,181,181,"-$2,282.26",33,-15.50%,16.00%
Vive Toilet Safety Rail - Stand Alone Handicap Grab Bar - Disability aid for Seniors - Seat Riser with Handles - Medical Bathroom Assist - Padded Armrest - Safety Frame for Elderly - Standing Support,B0C3WYB65Z,,LVA3018WHTFBM,"$2,448.71",LVA,Commode Rail,30,30,-$852.86,10,-34.83%,16.00%
"Vive Commode Absorbent Pads for Bedside Toilet Seat Chair Bucket (24 Pack) - Disposable Liners for Potty, Portable Bowl, Bedpans - for Women, Seniors, Caregivers, Medical Health - Universal Size (24)",B09WF5JWGC;B0CL7YGB5N;B0CL7YZ8V6,B0BR8DP8N7,LVA2106PAK24;LVA2106PAK48;LVA2106PAK100,"$2,822.31",LVA,Commode pads,110,169,-$98.93,7,-3.51%,16.00%
"Vive Body Wipes - Wet Toilet Tissue Cleansing & Bathing For Adults, Women, Elderly - Feminine Personal Washcloths For Face, Body, Butt - No Rinse Disposable Wipes For Travel, Bathroom, Camping Shower",B0CB4Y69NF,,LVA3027,"$4,545.20",LVA,Commode wipes,256,343,-$61.96,4,-1.36%,16.00%
"Vive Bidet Sprayer - Handheld Attachment for Toilet and Personal Use - Non Electric Stainless Steel Cleaner Nozzle with Pressure Control and Adjustable Flow - For Men, Women, Adults and Elderly",B07W4S6JFM;B07W4S6JFM,B07WC4G1J9,LVA2024STLFBM;LVA2024STL,$39.98,LVA,Commode rail,2,2,-$39.98,2,-100.00%,16.00%
Vive Toilet Safety Rail for Seniors (FSA/HSA Eligible) - Toilet Seat with Handles for Elderly & Disabled - Adjustable Toilet Safety Frame with Arms -,B06WD46FH2,,LVA1055-UPC,"$1,119.72",LVA,Commode rail,28,29,$0.00,0,0.00%,16.00%
"Vive Toilet Safety Rail - Adjustable Grab Bar - Compact Support Frame with Handrail for Bathroom Toilet Seat - Easy Installation for Handicap Senior Bariatrics, Elderly Balance - Padded Hand Armrest",B06WD46FH2,,LVA1055FBM,$107.98,LVA,Commode rail,2,2,$0.00,0,0.00%,16.00%
"Vive Textured Grab Bar for Bathtubs and Showers - Handicap Bathroom Safety Rail for Elderly - Wall Senior Handle for Tub, Toilet, Bath - Disability Assist Device Accessory Handrail for Injury",B08KJNPL1H,,Uncommingled.MSKU.1730476075709,$59.94,Unc,Commode rail,2,2,$0.00,0,0.00%,16.00%
"Vive Mobility Folding Electric Wheelchair for Adults - Foldable Scooter Wheelchair - Accessories, Folding Power, Motorized, All Terrain Transport Travel Mobility Aid, Lightweight, Heavy Duty",B0CWLVLKQL,,MOB1092FBM,"$92,257.11",MOB,Electric Wheelchair,89,90,"-$12,813.99",15,-13.89%,15.00%
"Vive Mobility Electric Wheelchair for Adults (Model C) - Premium Power Wheel Chair for Seniors, Elderly - Motorized Mobility Scooter Alternative - TSA Approved, Ultra Comfortable & Adjustable (Blue)",B0D7KPG65X,B0D7NRY9HK,MOB1094BLUFBM,"$18,240.31",MOB,Electric Wheelchair,19,19,"-$3,790.46",4,-20.78%,15.00%
"Vive Mobility Electric Wheelchair - Power Transport Chair - Lightweight, Foldable, Heavy Duty for Compact Airplane Travel - Motorized Long Range Large Dual Motor - Breathable and Washable Seat Cushion",B07SKJW3CY,B07SKK4BLD,MOB1029LFBM,"$12,149.91",MOB,Electric Wheelchair,9,9,"-$2,828.45",3,-23.28%,15.00%
"Vive Mobility Electric Wheelchair - Portable Power Transport Wheel Chair Scooter - Battery Powered, Lightweight, Foldable for Adults - Folding Motorized Mobility for Seniors - Extra Comfortable Seat",B09LHZY29P,B09LJ3N7C1,MOB1054BLUFBM,"$93,199.61",MOB,Electric Wheelchair,37,37,"-$5,199.98",1,-5.58%,15.00%
Cold Shoulder Brace (Gray),B07HY1V9M7,B07HXSC57H,RHB1068GRY,"$427,813.65",RHB,Shoulder Brace,14912,15079,"-$56,900.83",1990,-13.30%,14.00%
Bunion Splint (Black),B07J9NV7MW;B07J9MMXTP;B07J9NV7MW;B07J9JXDYW;B07J9JXDYW;B07J9MMXTP;B08PDQB6WG;B08PDR43K8;B08PDKYHJ5,B07VHFGGGR,SUP1089BLK;SUP1089BGE;SUP1089BLK-UPC;SUP1089GRY;SUP1089GRY-UPC;SUP1089BGE-UPC;SUP2066BLK;SUP2066BGE;SUP2066GRY,"$103,330.34",SUP,splint,6281,6516,"-$16,747.55",1051,-16.21%,14.00%
"Vive Shoulder Brace - Rotator Cuff Compression Support - Men, Women, Left, Right Arm Injury Prevention Stabilizer Sleeve Wrap - Immobilizer for Dislocated AC Joint, Labrum Tear Pain (Beige, Single)",B07J6PYCJW;B017AD9B9K;B07JC6XJX4;B07J6PYCJW;B08J435T1H;B07JC6XJX4,B07NWVMVHT,SUP1041BGEFBM;SUP1041;SUP1041GRYFBM;SUP1041BGE;SUP1041GRYS;SUP1041GRY,"$1,372.92",SUP,Shoulder Brace,108,108,-$845.19,70,-61.56%,14.00%
"Arctic Flex Foot Ice Pack - Toe Wrap for Bunion, Plantar Fasciitis, Hallux Valgus, Gout, Swelling & Injuries - Cold & Heat Gel Therapy for Joint Pain Relief - Reusable with Compression - Feet Recovery",B0CP86H8TM,,RHB3017BLK,"$22,629.70",RHB,bunion,1108,1121,"-$1,350.73",64,-5.97%,14.00%
Shoulder Brace with Ice Pack by Vive (Gray),B07BWGKX39,,SUP1075GRY,"$11,035.19",SUP,Shoulder Brace,247,249,"-$1,742.50",39,-15.79%,14.00%
Bunion Protector by VIVEsole,B00SX0PWPM,,INS1012,"$3,535.08",INS,bunion,338,374,-$170.82,18,-4.83%,14.00%
Fabric Bunion Protector (Beige),B08CY2LH2F,B08CY3JZDD,INS1045BGE,$686.71,INS,bunion,72,75,-$60.85,7,-8.86%,14.00%
Bunion Kit by Vivesole,B0756NNCPW,,INS1034,$606.48,INS,bunion,51,52,-$19.98,2,-3.29%,14.00%
"ViveSole Bunion Corrector and Relief Kit (11 Pcs) - Protector Sleeve for Hammer Toe and Foot Pain - Orthopedic Spacer Brace Guard - Hallux Valgus Splint, Big Joint Straightener and Separator Treatment",B0756NNCPW,,INS1034FBM,$590.57,INS,splint,42,43,-$25.98,2,-4.40%,14.00%
"Vive Bunion Relief Kit (13 Pcs) - Protector and Corrector Sleeve for Hammer Toe and Foot Pain - Orthopedic Spacer Brace Guard - Hallux Valgus Splint, Big Joint Straightener and Separator Treatment",B0813WQMX3,B0813W58FD,INS1034BNDFBM,$749.76,INS,splint,24,24,-$52.96,2,-7.06%,14.00%
Vive Crutch Pads (Black),B07H7Q1DFP;B07H7Q1DFP;B07H7Q1DFP,B0DHWBVXW5,CSH1044BLK;CSH1044BLK-UPC;CSH1044BLKFBM,"$953,165.59",CSH,Crutch Pads,49825,50325,"-$132,147.22",6963,-13.86%,13.00%
"Thigh Wrap, Anti Slip",B072FH476S;B072FH476S;B07GSB9HDT;B09CQDTHNX;B09CQBLG8V;B09CQBLG8V;B09CQDTHNX,B09CQB1MTZ,SUP1059;SUP1059-UPC;SUP1059PAK2;SUP1059GRY;SUP1059BGE;SUP1059BGE-UPC;SUP1059GRY-UPC,"$643,602.65",SUP,thigh,29947,31220,"-$85,371.46",4131,-13.26%,13.00%
Vive Crutch Pads (Teal),B07H7NFMTF;B07H7NZ6K2;B07H7QSW5X;B0CL5TDYTK;B087N44PJX;B087MW6VP9;B07H7QSW5X;B087N44PJX;B087MXS86R;B087N44PJX;B07H7QSW5X,B0C294DJG5,CSH1044TAL;CSH1044BLU;CSH1044PNK;CSH1044GRY;CSH1044PLD;CSH1044PSL;CSH1044PNK-UPC;CSH1044PLD-UPC;CSH1044CMO;Uncommingled.MSKU.1724259096891;CSH1044PNKFBM,"$497,718.85",CSH,,26143,26221,"-$55,117.81",2902,-11.07%,13.00%
Crutch Pads and Pouch (Black) (Black),B08126MTR3;B08126MTR3,B08127ZB6M,CSH1056BLK;CSH1056BLK-UPC,"$340,000.91",CSH,,13995,14061,"-$38,997.50",1607,-11.47%,13.00%
Sheepskin Crutch Pads (Black),B07GZYVJ6N;B091B2GLMH;B091B4Q4SV;B0919ZQ3BD;B07H11G6BJ;B091B4Q4SV;B07H11G6BJ;B091B2GLMH,B07GZY4N3C,CSH1040BLK;CSH1040GRY;CSH1040PNK;CSH1040BLU;CSH1040WHT;CSH1040PNK-UPC;CSH1040WHT-UPC;CSH1040GRY-UPC,"$300,811.40",CSH,,12557,12658,"-$37,553.49",1579,-12.48%,13.00%
Arm Sling by Vive,B01LXYEEKZ,B07BJ729CM,SUP1050,"$92,900.47",SUP,sling,5335,5610,"-$13,232.66",797,-14.24%,13.00%
Vive Transfer Sling (Black),B08D9QVPMG;B08D9QVPMG;B08D9QVPMG,B08D9R76MF,LVA2056BLK;LVA2056BLK-UPC;Uncommingled.MSKU.1728408702852,"$219,602.77",LVA,sling,5437,5529,"-$30,317.43",761,-13.81%,13.00%
Vive Lift Sling with Opening (Blue),B08D9RFWTD;B08D9RFWTD,B08D9TQ29R,LVA2057BLU;LVA2057BLU-UPC,"$156,390.65",LVA,sling,3667,4250,"-$13,986.07",378,-8.94%,13.00%
"Xtra-Comfort Memory Foam Knee Wedge Pillow for Side Sleepers - Hip & Leg Elevation for Pregnancy, Sciatica, Lower Back Pain - Orthopedic Thigh & Foot Cushion for Surgery - Washable Cover & Travel Bag",B0C4HP6YCH;B0C4HP6YCH;B0C4HP6YCH,B0C4HQD26T,CSH1092GRY-UPC;CSH1092GRYFBM;CSH1092GRY,"$85,126.02",CSH,thigh,2290,2317,"-$13,287.86",359,-15.61%,13.00%
Vive Thigh Lifter (Black),B097FDWMPV;B097FDWMPV;B097FDWMPV,B097FD9WDQ,LVA2085BLK;LVA2085BLK-UPC;LVA2085BLKFBM,"$53,339.00",LVA,thigh,3440,3656,"-$4,237.71",292,-7.94%,13.00%
Vive Fleece Crutch Pads (2 Pieces) - Padding for Underarm Armpits (Hand Grips Not Included) - Comfortable Cushions for Adult & Youth Crutches - Foam Support,B0BRYGLZMR;B0BRYGLZMR,B0BRYH8JMD,CSH1088BLK-UPC;CSH1088BLK,"$31,140.64",CSH,,2979,3005,"-$2,547.37",243,-8.18%,13.00%
Forearm Crutch Pads (Black),B087RRMG2P;B087RRMG2P,B087RRBLBH,CSH1062BLK;CSH1062BLK-UPC,"$21,580.51",CSH,,648,655,"-$5,743.60",171,-26.61%,13.00%
Vive Sheer Compression Socks for Women Men - Varicose Veins Treatment for Legs - Thigh High Compression Stockings,B0CDBF9SPB;B09C6KGGLZ;B09C6HPP2H;B09C6GJSBK;B09C6J9NQF;B09C6GDGXP;B09C6J4889;B09C6HNN7Q,B0C78XMLZF,SUP2089BLKLV2;SUP2089BGES;SUP2089BGEM;SUP2089BLKM;SUP2089BGEL;SUP2089BLKXL;SUP2089BLKS;SUP2089BGEXL,"$34,259.56",SUP,thigh,1571,1666,"-$2,507.76",119,-7.32%,13.00%
Hydraulic Patient Lift Sling,B0C3KXNLP4;B0C28QYTG8,B0D3L2WB41,MOB1068SLGFBM;MOB1068LFTWHTFBM,"$258,497.77",MOB,sling,488,488,"-$38,502.48",79,-14.89%,13.00%
"Vive Transfer Sling for Elderly & Disabled - Patient Transfer Lift Assist Device for Wheelchair - Transfer Board Alternative for Stairs, Chairs & Cars - Portable Stair Lift for Seniors & Adults",B0CHXLR9B8,,LVA3038BLK-UPC,"$4,301.67",LVA,sling,113,123,-$909.74,26,-21.15%,13.00%
"Vive Forearm Crutch Pads (for Half-Cuff Crutches) - Arm Cover Padding Accessory - Comfortable, Breathable, Machine Washable - Please Check Compatibility to Ensure Correct Fit (Black)",B0CTJ7P5R9,B0CTJB85B8,CSH1100BLK,$607.52,CSH,,59,60,-$33.97,3,-5.59%,13.00%
Vive Fleece Crutch Pads (2 Pieces) - Padding for Underarm Armpits (Hand Grips Not Included) - Comfortable Cushions for Adult & Youth Crutches - Foam Support,B0BRYGLZMR,,Uncommingled.MSKU.1730739361228,$29.94,Unc,,3,3,$0.00,0,0.00%,13.00%
Shin Support by Vive,B0101BXKHM;B07K4T9T55;B07HB4WM42;B07K4W198Y;B07K4T9T55;B07K4W198Y;B0101BXKHM,B07K4TC9TD,SUP1030;SUP1030BGE;SUP1030PAK2;SUP1030GRY;SUP1030BGE-UPC;SUP1030GRY-UPC;SUP1030-UPC,"$465,093.22",SUP,Shin support,21693,25248,"-$55,584.40",2998,-11.95%,12.00%
Boxer Splint (8 inch),B089LLGB7W;B089LNFHHY;B089LLGB7W;B089LNFHHY,B089LWYRJY,SUP2053BLKSM;SUP2053BLKLG;SUP2053BLKSM-UPC;SUP2053BLKLG-UPC,"$252,159.64",SUP,splint,13707,14065,"-$36,312.00",2023,-14.40%,12.00%
"Vive Plantar Fasciitis Night Splint and Trigger Point Spike Ball - Soft Medical Leg Brace Support - Orthopedic Immobilizer (Black, Medium: Men's: 5.5-8, Women's 7-9.5)",B07NGPL831;B00YZ7CV92;B07NGZP7QL;B00YZ7CW00;B07NGWXMBT;B00YZ7CUZC;B07NGLTFZ7;B00YZ7CW00;B00YZ7CUVQ;B00YZ7CUZC;B07NGWXMBT;B07NGZP7QL;B00YZ7CV92;B00YZ7CUVQ;B07NGPL831,B07NGLX683,SUP1037BLKM;SUP1037M;SUP1037BLKL;SUP1037L;SUP1037BLKXL;SUP1037XL;SUP1037BLKS;SUP1037L-UPC;SUP1037S;SUP1037XL-UPC;SUP1037BLKXL-UPC;SUP1037BLKL-UPC;SUP1037M-UPC;SUP1037S-UPC;FBA15RJL1HCP.missing1,"$420,134.36",SUP,splint,9532,10198,"-$79,236.60",1911,-18.86%,12.00%
Dual Splint Wrist Brace by Vive (Black),B07Y2FK12B;B077BPYK5S;B07Y2FK12B;B089657MRH;B089657MRH,B077BK861Y,SUP1069BLK;SUP1069GRY;SUP1069BLK-UPC;SUP1069BGE;SUP1069BGE-UPC,"$181,869.93",SUP,splint,15058,18167,"-$16,390.34",1615,-9.01%,12.00%
Thumb Splint (Model 2) (Black),B0844K928G;B0844K928G,B0844PNY6Z,SUP2050BLK;SUP2050BLK-UPC,"$88,939.19",SUP,splint,6808,7400,"-$11,442.20",946,-12.87%,12.00%
Budin Splint by Vivesole,B01N3250QU;B07GQCW2M4;B01N3250QU;B01N3250QU;B01N3250QU,B07GPZXMCZ,INS1028;INS1028PAK2;INS1028FBM;FBA16Q9XKG04.missing1;INS1028-UPC,"$155,919.33",INS,splint,12481,14869,"-$8,844.13",831,-5.67%,12.00%
"Vive Ankle Brace - Stabilizer Air Cast for Ankle Sprain Treatment, Foot Fracture - Hot & Cold Gel & Air Therapy - Stirrup Brace Support Cast Right Left Foot - Stabilizing Splint for Women, Men",B0BRLDBDRL;B0BRLDBDRL,B0BRL9PKWL,SUP3026BLK9-UPC;SUP3026BLK9,"$59,109.90",SUP,splint,2245,2321,"-$11,920.68",471,-20.17%,12.00%
Double Toe Splint (2 Toe),B083P5HS3S;B083P5HS3S;B083P5HS3S,B083P4F2G7,INS1028DBL;INS1028DBL-UPC;INS1028DBLFBM,"$41,806.39",INS,splint,3472,4036,"-$3,375.45",324,-8.07%,12.00%
Hard Night Splint by Vive (Large),B00YZ86KKM;B00YZ86KD4;B00YZ86KKM;B0CR5C3VHB;B00YZ86KH0,B00YZ86JKS,SUP1035L;SUP1035M;SUP1035L-UPC;SUP1035XL;SUP1035S,"$34,701.17",SUP,splint,810,867,"-$7,405.37",185,-21.34%,12.00%
Triple Toe Splint (3 Toe),B083P5KDV5;B083P5KDV5,B083P65FB3,INS1028TRP;INS1028TRP-UPC,"$20,345.88",INS,splint,1679,1883,"-$1,727.34",158,-8.49%,12.00%
"Vive Elbow Stabilizer - Adjustable Compression Brace For Ulnar Nerve, Tendonitis, Cubital Tunnel Syndrome, Golf And Tennis - Soft Night Support Immobilizer Splint For Women And Men - Joint Pain Relief (Black)",B096YCMQS4;B096YCMQS4,B096Y8ZWSM,SUP2078BLK;SUP2078BLK-UPC,"$26,759.95",SUP,splint,1270,1364,"-$3,065.40",155,-11.46%,12.00%
"Vive Resting Hand Splint - Stroke Recovery Support Brace for Straightening Fingers - Right & Left Wrist Night Immobilizer - Patient Rehabilitation Tools Tendonitis, Arthritis, Carpal Tunnel Relief",B0CH499GR2,,SUP3043BLK,"$18,269.66",SUP,splint,790,862,"-$2,620.61",119,-14.34%,12.00%
"Vive Foot Rocker - Calf Stretcher for Achilles Tendinitis, Heel, Feet, Shin Splint, Plantar Fasciitis Pain Relief - Stretches Strained Leg Muscle - An",B07RF92ZLC,,RHB2000PAK2,"$31,514.63",RHB,splint,685,694,"-$2,994.58",66,-9.50%,12.00%
Vive Shin Splint Ice Wrap - Runners Cold Pack for Calf - Reusable Calve Ice Sleeve - Advanced Leg Pain Relief (2 Pack),B09XY29FBN;B09XY26FP4,B09XY1HZPY,RHB2052PAK2;RHB2052,"$25,959.72",RHB,splint,940,956,"-$1,670.01",64,-6.43%,12.00%
Vive Plantar Fasciitis Night Splint (Small),B0CCHMSYCX;B0CCHN85SZ;B0CCHMZP5M,B0CCHR8YRY,SUP3040BLKS;SUP3040BLKM;SUP3040BLKL,"$2,269.23",SUP,splint,224,260,-$388.10,39,-17.10%,12.00%
3-Loop Hammer Toe Splint (White),B0876H7NQX,B0876GDQZB,INS1044WHT,"$3,992.66",INS,splint,318,371,-$215.29,21,-5.39%,12.00%
Vive Thumb and Wrist Splint - Tendonitis Brace with Thumb Stabilizer - Ergonomic Night Support For Carpal Tunnel And Tenosynovitis - Spica Splint For Right And Left Hand - Ideal For Women And Men (Right),B09MSQKSC5,B09MSPWQ5X,SUP2099R,$784.35,SUP,splint,78,80,-$170.82,18,-21.78%,12.00%
Vive Dorsal Night Splint (Black),B092DWPKG7,B092DVY7FL,SUP2076BLK,"$1,764.25",SUP,splint,62,77,-$338.35,14,-19.18%,12.00%
"Vive Wrist Splint - Hand Brace Support For Carpal Tunnel Syndrome, Tendonitis, Arthritis And Tenosynovatis - Adjustable Ergonomic Stabilizer For Right And Left Hand Relief - Ideal For Men And Women (Right)",B09LFNTK3C,B09LFY48SL,SUP2098R,$23.98,SUP,splint,2,2,-$11.99,1,-50.00%,12.00%
ITB Strap by Vive,B01IBU5WZS;B07HB4DRMC;B07HB4DRMC;B01IBU5WZS,B07HB4WM56,SUP1045;SUP1045PAK2;SUP1045PAK2-UPC;SUP1045-UPC,"$151,716.13",SUP,strap,10321,10903,"-$15,103.74",1075,-9.96%,11.00%
Vive Wrist Wraps (Black),B08PDQS57H;B08PDPLL6H;B08PDQS7YR;B08PDPLL6H,B08PDPFWFQ,SUP2064BLK;SUP2064BGE;SUP2064GRY;Amazon.Found.B08PDPLL6H,"$88,076.87",SUP,wraps,8332,8746,"-$7,861.80",765,-8.93%,11.00%
Multi Purpose Support Wraps,B0BBGXWWQC;B0BBGXWWQC,B0DJNFB37H,SUP3014BLK;SUP3014BLK-UPC,"$61,107.32",SUP,wraps,5622,7004,"-$6,198.36",700,-10.14%,11.00%
Compression Ankle Ice Wrap (Gray),B07XJYNWSC,B07XQJ6ZJH,SUP2017GRY,"$204,508.89",SUP,anlke wrap,6021,6194,"-$21,609.42",650,-10.57%,11.00%
"Vive Mobility All Terrain Knee Walker - Steerable Scooter For Broken Leg, Foot, Ankle Injuries - Kneeling Quad Roller Cart - Orthopedic Pad For Adult and Elderly Medical - 4 Wheel Caddy Crutch (Black)",B07D9SZS2S;B07JVC1878;B0D1LWVFXK;B09BDFKY66;B00WA6C3YI;B07JVF674M;B00WA6C3YI;B09BDFKY66;B07JVF674M,B08R6DK36K,MOB1019BLKFBM;MOB1019PNKFBM;MOB1019BLUFBM;MOB1007BLUFBM;MOB1007SLVFBM;MOB1007PNKFBM;MOB1007SLV;MOB1007BLU;MOB1007PNK,"$778,121.33",MOB,Knee Walker,3819,3839,"-$80,556.30",416,-10.35%,11.00%
"Compression Bicep Straps (Medium, Black)",B0B47XPNPL;B0B47Y83CJ;B0B481QDR3,B0B47GQX75,SUP3009M;SUP3009L;SUP3009S,"$32,840.83",SUP,strap,2054,2172,"-$6,038.83",415,-18.39%,11.00%
"Vive Hinged Knee Brace - Open Patella Support Wrap for Women, Men - Compression for ACL, MCL, Torn Meniscus Ligament and Tendonitis - for Running, Athletic Tear and Arthritis Joint - Adjustable Strap",B0B6QBCF67;B01IPWZI5G;B0B6QBD5BR;B07GSCSQS9,B0C7NJK4XQ,SUP1046BLKM;SUP1046;SUP1046BLKL;SUP1046PAK2,"$50,778.15",SUP,strap,1734,1868,"-$10,107.70",376,-19.91%,11.00%
"Vive Full Leg Compression Sleeves - Long Copper Leg Protectors - Muscle Supporter for Pain Relief and Circulation - Elastic Sports Running Wraps For Men, Women and Adults - Knee, Thigh, Calf Support (Medium)",B09N7VFQ38;B09N9PBSMY;B09N9MPJ5V;B09N9PBSMY;B09N9MPJ5V;B09N7VFQ38;B09N7SWGV8,B09N7SHY54,SUP2097M;SUP2097XL-UPC;SUP2097L-UPC;SUP2097XL;SUP2097L;SUP2097M-UPC;SUP2097S,"$45,404.03",SUP,wraps,2179,2282,"-$7,284.56",373,-16.04%,11.00%
Vive Ankle Wraps (Beige),B08N2WL3XV;B08N366789;B08N3CVJ3J,B08N2Y48QM,SUP2065BGE;SUP2065BLK;SUP2065GRY,"$38,859.77",SUP,wraps,2538,2643,"-$5,071.11",344,-13.05%,11.00%
Vive Wheelchair Harness for Adults - Wheelchair Seat Belt - Safety Belt for Elderly - Torso Support Vest Restraint - Wheelchair Seatbelt Body Harness for Disabled - Adjustable Straps Prevent Sliding,B0BHXDTDTB;B0BHXDTDTB,B0CWYK5BC8,LVA3009BLK-UPC;LVA3009BLK,"$58,852.05",LVA,strap,1706,1729,"-$10,371.71",301,-17.62%,11.00%
Cupholder (Black),B07KGKPWZ6,B07KGJ2YJ7,MOB1024GB,"$35,862.00",MOB,Cupholder,2200,2370,"-$3,795.67",253,-10.58%,11.00%
"Vive Platform Walker Attachment - Padded Forearm Support Arm Rest for Standard Walkers with Adjustable Strap & Grip - Mobility Aid Assist Accessories, Turns Any Walker Into an Upright Rollator",B0BKH6N3NY,B0BKH6Z3KT,MOB1063FBM,"$41,755.12",MOB,strap,711,832,"-$7,082.19",162,-16.96%,11.00%
"Vive Ankle Support Brace - for Men and Women - Adjustable Foot Wrap Strap - Rolled, Sprained Foot Guard Stabilizer Sleeve for Running, Sprains, Swollen Peroneal Tendonitis, Soccer (Large/X-Large)",B07L16KKWC;B06XVWYTB6;B06XVWYTB6;B07L16KKWC,B07L16QSMT,SUP1057BLKL;SUP1057BLK;SUP1057BLK-UPC;SUP1057BLKL-UPC,"$13,870.40",SUP,strap,758,815,"-$2,394.76",138,-17.27%,11.00%
Cpap Strap Covers (4 Covers),B08XMZCKVG;B07YLZYJS8;B08XMZCKVG,B0C2LNQC94,LVA2031BLKPAK4;LVA2031BLK;LVA2031BLKPAK4FBM,"$23,433.68",LVA,strap,2777,2917,-$909.19,112,-3.88%,11.00%
Stretch Strap by Vive,B01E7GRA9G;B07YM1PRH6;B07YM1CZZR,B0DCGQD3VN,RHB1004;RHB1004GRY;RHB1004PNK,"$33,221.88",RHB,strap,2657,2766,"-$1,085.06",93,-3.27%,11.00%
"Vive Knee Ice Pack Wrap (2 Pack) - Cold / Hot Gel Compression Brace - Heat Support Strap For Arthritis Pain, Tendonitis, ACL, Athletic Injury, Osteoarthritis, Women, Men, Running, Meniscus and Patella Surgery (2 Pack)",B09XTC2F4B,B09XT57YK9,SUP1070PAK2,"$93,566.45",SUP,strap,1920,1946,"-$4,447.13",92,-4.75%,11.00%
Proflex Strap (Black),B07ZG3CCH5,B07ZG2KDM8,LVA2032BLK,"$10,330.50",LVA,strap,482,488,"-$1,437.22",69,-13.91%,11.00%
"Vive Precision Blood Pressure Monitor Case - Hard Carrying Medical Travel Storage Bag - Universally Compatible Portable BPM Cuff, Health Accessories Pouch Replacement with Carrying Strap - Shockproof",B0B1VNRY4L;B01MZGJXH7,B01N3AP2ZP,DMD1016BLK;DMD1016GRY,"$6,196.90",DMD,strap,250,264,-$770.49,34,-12.43%,11.00%
XL Cupholder (X-Large),B0BX12CNSR,B0BWZTPSLS,MOB1070XL,"$1,413.05",MOB,Cupholder,104,108,-$446.66,34,-31.61%,11.00%
"Vive Wheelchair Seatbelt - Safety Belt For The Elderly - Harness For Adults - Adjustable Straps For Chair/Bed Restraint - Patients Care - Falling out Prevention - For The Elderly, Pregnant & Paralyzed",B0BFSV8YWB,,LVA3007BLK-UPC,"$10,407.73",LVA,strap,563,614,-$526.69,31,-5.06%,11.00%
"Compression Knee Sleeve with Straps (Black/Grey, Medium)",B0BJZHQJ51;B0BJZ29287;B0BJNB46QB;B0BJZ2D5Z2;B0BJZGKLH1;B0BJYRCMG3,B0BJYNJPB9,SUP3022BLKGRYM;SUP3022BLKGRYXL;SUP3022BLKGRYL;SUP3022BLKGRYXXL;SUP3022BLKGRYS;SUP3022BLKGRYXXXL,"$2,557.80",SUP,strap,180,189,-$449.73,27,-17.58%,11.00%
"Vive Knee Ice Pack Wrap (2 Pack) - Cold/Hot Gel Compression Brace - Heat Support Strap For Arthritis Pain, Tendonitis, ACL, MCL Injury, Osteoarthritis, Women, Men, Meniscus Patella Surgery",B09XTC2F4B,B0BLT9W9FR,SUP1070PAK2-UPC,"$19,768.52",SUP,strap,404,412,"-$1,055.78",22,-5.34%,11.00%
VIVE Patella Strap (Black),B07C7HHX68;B07C7M8PNG;B07C7HHX68;B07CGH67S9,B07CGF9CYS,SUP1082BLK;SUP1082BLU;SUP1082BLK-UPC;SUP1082GRY,"$2,854.57",SUP,strap,174,187,-$296.80,20,-10.40%,11.00%
Vive Knee Ice Pack Dual Strap - Reusable Gel For Hot And Cold Therapy - Wrap Around Entire Joint After Replacement Surgery Or Injury - Cooling Compression For Pain And Swelling - For Men And Women (Blue),B09L2X2MG3,B09L3814LK,RHB1055,"$4,556.81",RHB,strap,216,268,-$275.81,19,-6.05%,11.00%
Vive Heated Knee Brace - Heating Pad for Pain Relief - Warm Therapy for Arthritis - Hot Wraps for Women and Men,B0BHFHC3NZ,,SUP3017GRY,"$3,770.81",SUP,wraps,237,254,-$297.84,16,-7.90%,11.00%
"Arthritis Thumb Splint by Vive - Thumb Spica Support Brace for Pain, Sprains, Strains, Arthritis, Carpal Tunnel & Trigger Thumb Immobilizer - Wrist Strap - Left or Right Hand (2-Pack, Black)",B07GSDB65S;B07GSDB65S,B0BLM848QD,SUP1029PAK2;Amazon.Found.B07GSDB65S,"$3,155.86",SUP,splint,166,168,-$304.84,16,-9.66%,11.00%
"Vive Dual Strap Ankle Ice Pack - Reusable Gel for Hot and Cold Therapy - Large Soft Wrap for Injuries - Long-Lasting and Flexible for Foot Pain Relief - For Achilles Tendon, Sprains, Feet Swelling (Gray)",B09T3W5XZD,B09T3W3FNJ,RHB2070GRY,"$2,936.52",RHB,strap,135,148,-$289.85,15,-9.87%,11.00%
Toe Wraps (Universal),B07PGJGB68,B07PFDCNX6,INS1042BGE,"$2,596.56",INS,wraps,201,236,-$115.08,12,-4.43%,11.00%
Vive Headgear Strap Y Cover - Universal Head Strap Mask - Essential CPAP Soft and Cushioning Covers Replacement - Women and Men Line Marks Removal - Sleep Night Device - Non Skin Irritating (Black),B09D293HMF,B09D1R7LP4,LVA2093BLK,$979.02,LVA,strap,77,81,-$92.90,10,-9.49%,11.00%
"Vive Attachable Cup Holder - Cupholder for Stroller, Wheelchair, Desk, Water Bottle, Coffee Mug, Drink Glass, Can - Adjustable Mountable Clip for Bike, Rollator - Large, Universal, Portable with Clamp",B07KGKPWZ6,,MOB1024GBFBM,"$2,947.47",MOB,Cupholder,208,221,-$136.29,9,-4.62%,11.00%
"Vive Ankle Ice Pack Wrap - Foot Cold/Hot Compression Brace - Adjustable Freeze Support for Cooling/Heating Achilles Injuries, Tendonitis, Plantar Fasciitis, Sore Feet, Inflammation, Muscle Sprain",B077BK31YN,,SUP1068GRY-UPC,"$4,328.61",SUP,ankle wrap,180,189,-$189.91,9,-4.39%,11.00%
Arctic Flex Neck Ice Pack for Pain Relief - Gel Heating Pad Warmer - Heated Wrap Microwavable for Injuries - Microwave Heat Tension Relief Product - Shoulder Recovery Cold Pack - Keep Cool Wraps,B0CJLP92D5,,RHB3012BLK,"$3,418.46",RHB,wraps,220,229,-$132.92,8,-3.89%,11.00%
Vive Ankle Straps (Black),B093QNMGW2;B093R746LT,B093QM437V,RHB2040BLK;RHB2040PNK,"$1,308.07",RHB,strap,130,130,-$45.95,5,-3.51%,11.00%
"Vive Wrist Wraps For Carpal Tunnel - Tunnel Tamer Brace For Left & Right Hand - Wrist Compression Band for Support, Pain Relief, Working Out, Arthritis, Typing & Sports Aid - Hand Protector For Women",B0CFZTMGYB,B0CXYDM64X,SUP3042BLK,$564.12,SUP,wraps,90,102,-$36.95,5,-6.55%,11.00%
"Arctic Flex Wrist Ice Pack Wrap - Hot & Cold Therapy Brace For Hand - Soft Gel For Pain Relief, Rheumatoid Arhtritis, Surgery, Swelling & Sprains - Adjustable Straps For Heating Or Cooling Compression",B0B75FTRPG,B0B75LKMNJ,RHB2090TAL-UPC,"$3,417.13",RHB,wrist,126,137,-$99.96,4,-2.93%,11.00%
"Vive Hinged Knee Brace - Relieves ACL, MCL, Meniscus Tear - Lightweight, Comfortable, Breathable Open Patella Wrap with Side Stabilizers - for Women & Men - Adjustable Strap for Tendonitis",B01IPWZI5G;B0B6QBD5BR;B0B6QBCF67,B0DDZ14VVL,SUP1046-UPC;SUP1046BLKL-UPC;SUP1046BLKM-UPC,$915.64,SUP,strap,34,38,-$107.96,4,-11.79%,11.00%
Vive Heated Knee Brace - Heating Pad For Pain Relief - Warm Therapy For Arthritis - Hot Wraps For Women and Vive Heated Knee Brace - Heating Pad For Pain Relief - Warm Therapy For Arthritis - Hot Wraps For Women and Men - Vibration Massage For Joint Injur,B094T82YCW,B094SY9NQB,SUP2077GRY,$349.83,SUP,wraps,15,17,-$104.96,4,-30.00%,11.00%
"Vive Patient Restraints for Bed - Elderly Fall Prevention Device for Seniors & Adult Safety - Adjustable Strap Medical Restraint Waist Belt - Caregiver Assist for Hospital, Dementia & Alzheimers",B0CR5RYT5P,,LVA3040BLK,"$1,307.72",LVA,strap,73,76,-$59.97,3,-4.59%,11.00%
"Vive Foot Arch Support Brace (Pair) - Wrap Corrector for Flat Foot, Plantar Fasciitis, Pain Relief, Fallen Arches - Compression Sleeve Strap for Feet - Gel Bands Inserts For Women & Men - Insert for Under Socks",B07JB61S7K,,SUP1043GRY-UPC,$899.40,SUP,strap,57,60,-$29.98,2,-3.33%,11.00%
"Vive Replacement Ice Packs for Compression Ankle Ice Wrap - Foot Pain Relief & Support for Swelling, Sprains, & Fractures - Filled with Reusable Gel, Fits Small & Large Feet",B0CCD4JYBV,,SUP2017RPAK,$606.23,SUP,wrap,23,30,-$39.98,2,-6.59%,11.00%
"Vive Knee Ice Pack Wrap (2 Pack) - Cold/Hot Gel Compression Brace - Heat Support Strap For Arthritis Pain, Tendonitis, ACL, MCL Injury, Osteoarthritis, Women, Men, Meniscus Patella Surgery",B09XTC2F4B,,Uncommingled.MSKU.1729528657730,$47.98,Unc,strap,1,1,-$47.98,1,-100.00%,11.00%
"Vive Wrist Wraps For Carpal Tunnel - Tunnel Tamer Brace For Left & Right Hand - Wrist Compression Band for Support, Pain Relief, Working Out, Arthritis, Typing & Sports Aid - Hand Protector For Women",B0CXY77VXG,,SUP3042BLK2PK,$167.69,SUP,wraps,19,25,$0.00,0,0.00%,11.00%
Cupholder (XL Black),B08ZW6XT5D,,MOB1024XL,$11.99,MOB,Cupholder,1,1,$0.00,0,0.00%,11.00%
Transfer Belt by Vive (Standard),B01IPYNQT4,,RHB1011N,"$665,657.92",RHB,Transfer belts,36263,38421,"-$71,191.48",4103,-10.69%,10.50%
"Vive Gait Belt (300lbs) Transfer Belt with Handles - Medical Nursing Safety Patient Assist - Bariatric, Elderly, Handicap, Physical Therapy - PT Gate",B01IPYNQT4,,RHB1011N-UPC,"$180,241.85",RHB,Transfer belts,9723,10162,"-$15,028.10",836,-8.34%,10.50%
Transfer Belt by Vive (Leg Loops),B01IPYNQWG;B09LFQJ3J5,B09LFFZM5Y,RHB1011L;RHB1011WLS,"$56,606.89",RHB,Transfer belts,1636,1698,"-$9,124.10",272,-16.12%,10.50%
Transfer Belt (Economy),B01MU7SV0J,,RHB1011E,"$33,731.58",RHB,Transfer belts,2881,3438,"-$1,425.36",145,-4.23%,10.50%
4-Wheel Mobility Scooter (Red),B08FBJ9WF2;B07SKK3PFN;B07SHHYF21;B097S6XLNJ;B0DGB8491B,B07SKJS7YF,MOB1027REDFBM;MOB1027BLUFBM;MOB1027SLVFBM;MOB1027MBLKFBM;MOB1027PNKFBM,"$6,299,978.95",MOB,Scooter,8416,8457,"-$523,185.87",742,-8.30%,10%
"Vive 3-Wheel Mobility Scooter - Electric Powered Mobile Wheelchair Device for Adults - Folding, Collapsible and Compact for Travel - Long Range Power Extended Battery with Charger and Basket Included",B07LCR82L7;B07YX9DPBR;B07LCRZP26;B0985HMFWR,B07LCS9ZW3,MOB1025BLUFBM;MOB1025REDFBM;MOB1025SLVFBM;MOB1025BLKFBM,"$740,861.51",MOB,Scooter,1146,1149,"-$51,168.12",78,-6.91%,10%
"Vive Folding Mobility Scooter - Electric Powered Wheelchair, 4 Wheel, Handicap Foldable Motorized Chair for Adults, Seniors - Lightweight Compact Mobile Travel, TSA Approved - Long Range Battery",B0BCL2WYZF,,MOB1058BLKFBM,"$58,484.61",MOB,Scooter,38,39,"-$8,477.03",10,-14.49%,10%
"Vive 4 Wheel Mobility Scooter - Electric Powered Wheelchair Device - Compact Heavy Duty Mobile for Travel, Adults, Elderly (Red Fire)",B0CZ5XX2CN;B0CZ65X17C,B0CZYP2RFW,MOB1095RDFFBM;MOB1095BLCFBM,"$30,558.58",MOB,Scooter,42,42,"-$2,349.99",4,-7.69%,10%
"Vive Mobility Scooter (Series A) - 4 Wheel Electric Powered Wheelchair Mobile Device for Adults, Seniors - TSA Approved Wheel Chair, Compact, Travel - Long Range Battery, Shock Absorbing (Ruby Red)",B0BWGGW8PL;B0BWGJVZXL,B0CQ1SBTT8,MOB1069REDFBM;MOB1069BLUFBM,"$41,599.74",MOB,Scooter,26,26,-$159.99,1,-0.38%,10%
"Grab Bar (Brushed Nickel, 16"" (Inches))",B07CN549NX;B07CN53952;B07CLH8CMY;B07CMVM51Z;B08DWRZ5MS;B08DWBJSKD;B07CLMK6FB;B08DWJ9TPQ;B07CLJ7MF6;B07CLHBN4X;B07CN52JYF;B07CN534GD;B08DWRZ5MS;B07CN52JYF;B07CLJ7MF6;B07CLHBN4X;B07CN549NX;B07CLH8CMY;B07CN534GD;B07CLHBN4X;B08DWJ9TPQ;B07CN534GD;B07CLJ7MF6;B07CLH8CMY;B07CLMK6FB,B0CGBR8L3N,LVA1079M;LVA1079S;LVA1079L;LVA1079WM;LVA1079BLKL;LVA1079BLKM;LVA1079WS;LVA1079BLKS;LVA1079WL;LVA1079BL;LVA1079BS;LVA1079BM;LVA1079BLKL-UPC;LVA1079BS-UPC;LVA1079WL-UPC;LVA1079BLFBM;LVA1079MFBM;LVA1079LFBM;LVA1079BLKMFBM;LVA1079BL-UPC;LVA1079BLKS-UPC;LVA1079BMFBM;LVA1079WLFBM;LVA1079L-UPC;LVA1079WS-UPC,"$616,906.55",LVA,,19181,24806,"-$72,618.97",2909,-11.77%,9.00%
Vive Car Assist - Vehicle Support Handle with Seat Belt Cutter - Standing Mobility Aid Tool for Elderly - Safety Door Handle AutoCane - Portable Grab Bar for Seniors and Handicapped (Teal),B09LPL14VS;B0BYBJ5RK4;B0BYBJ5RK4;B09LPL14VS,B09LPDQPRL,LVA2098;LVA2098PAK2;LVA2098PAK2-UPC;LVA2098-UPC,"$524,525.85",LVA,,27693,29281,"-$30,358.96",1685,-5.79%,9.00%
Shower Mat by Vive,B011IZHDW8;B0BFXNSH9R;B011IZHDW8;B0BFXJY6XW;B0BFXNSH9R;B0BFXJY6XW,B0BV7GQNMJ,LVA1018W;LVA1018GRY;LVA1018W-UPC;LVA1018BLK;LVA1018GRY-UPC;LVA1018BLK-UPC,"$137,292.55",LVA,Shower Mat,6347,6870,"-$11,511.03",577,-8.38%,9.00%
"Vive Textured Metal Grab Bars (Nickel, 24 Inch)",B08KJKX6Z4;B08KJNPL1H;B08KJHLMLP;B08KJKX6Z4;B08KJNPL1H;B08KJNPL1H;B08KJKX6Z4;B08KJHLMLP,B0CBQSSL2C,LVA2066NKLL;LVA2066NKLM;LVA2066NKLS;LVA2066NKLL-UPC;LVA2066NKLMFBM;LVA2066NKLM-UPC;LVA2066NKLLFBM;LVA2066NKLSFBM,"$153,455.58",LVA,,4510,5647,"-$15,658.32",572,-10.20%,9.00%
"Vive Bathtub Rail - Heavy Duty Bathroom Tub Safety Rail for Elderly, Seniors, Handicap and Disabled - Clamp Railing Bath Support - Adjustable Shower Hand Grip - Handle Assist Grab Bar - Fits Most Tubs",B01576MWSE,,LVA1021FBM,"$28,948.29",LVA,,441,449,"-$5,308.22",87,-18.34%,9.00%
Shower Mat by Vive (Clear),B07DX6MKWW;B07DX5NMQQ,B07DX6WW2V,LVA1089CLR;LVA1089BLU,"$2,565.07",LVA,Shower Mat,171,192,-$379.48,28,-14.79%,9.00%
"Grab Bar (16"" (Inches) (2 Pack), Brushed Nickel)",B0B69JWW4N;B0B69KQ476;B0B69JWW4N,B0BZN7WDHQ,LVA1079MPAK2;LVA1079SPAK2;LVA1079MPAK2-UPC,"$8,224.19",LVA,,196,236,-$612.83,17,-7.45%,9.00%
Vive Rectangle Shower Mat XL (Clear),B07HS1NKMW;B07HS2WW3F,B0BQWV5WDK,LVA1097CLR;LVA1097BLU,"$1,177.39",LVA,Shower Mat,70,78,-$89.44,6,-7.60%,9.00%
"Vive Bed Rail: Collection V - Safe Adjustable Hight Bed Assit Rail Handle And Hand - Medical Support Grab Bar For Safty - Ideal For Eldry Adults And Seniors - For Queen, King, Full And Twin Bed (Silver)",B09K1ZYLJW,B09K23RG9V,LVA2097SLV,$841.03,LVA,,14,14,-$217.96,4,-25.92%,9.00%
"Vive Seat and Chair Cushion - Easy Rise for Elderly for Office, Wheelchair, Desk, Car & Couch - For Computer Use - Foam Sofa Pad With Cover - For Adults/Seniors - Relief for Back, Tailbone or Sciatica",B0CRYKCR1N,,CSH1099GRYS,"$55,499.36",CSH,Chair Cushion,1906,1987,"-$4,952.22",178,-8.92%,8.50%
"Vive ve Wheelchair Cushion - Wheel Chair Cushions for Senior, Pressure Relief - Wheelchair Pad, Wheelchair Seat Cushion, Memory foam for Office Chairs, Car, Lightweight, Portable, Easy to clean (3"")",B0D7NG6WB4;B0D7NQTQXP,B0D7NLC86Y,CSH1098BLK3;CSH1098BLK2,"$43,275.67",CSH,Wheelchair Cushion,1836,2010,"-$3,163.70",145,-7.31%,8.50%
Arthritis Gloves (Black) (Medium),B072J8W8L9;B07H51WG47;B07174Z8JM;B071LN4Q8M;B07Y5G9TBF;B00VTR6MDM;B00VTR6MRI;B07VS2RKRY;B07WWYQM91;B07Y5FTKLV;B07Y5G2B2N;B084WZFFM1;B07VS2RKRY;B07VSQXMHH;B084XX5TBM;B07VNTV646;B07WW2BQRC;B08TX45HLJ;B0B673VLVG;B07174Z8JM;B07Y5G9TBF;B07VNTV646;B084WZFFM1;B07VSQXMHH;B08TX38CL5;B00VTR6MDM;B00VTR6MRI;B084XX5TBM;B07WWYQM91;B00VTR6MRI;B07VS2RKRY;B07H51WG47;B0B673VLVG;B08TX45HLJ;B07VSQXMHH;B07Y5FTKLV;B08TX38CL5;B07WW2BQRC;B07Y5G2B2N;B07WW2BQRC;B07Y5HD7J3,B088ZW717V,SUP1061M;SUP1019MV2;SUP1061S;SUP1061L;SUP2018M;SUP1019L;SUP1019S;SUP2005BGS;SUP1061XL;SUP2018S;SUP2018L;SUP1019XL;SUP2005BGS-UPC;SUP2005BGM;SUP1019XS;SUP2005BGL;SUP1061XS-UPC;SUP2005BGXS;SUP2018XL;SUP1061S-UPC;SUP2018MFBM;SUP2005BGL-UPC;SUP1019XLFBM;SUP2005BGM-UPC;SUP2005BGXL;SUP1019LFBM;SUP1019SFBM;SUP1019XSFBM;SUP1061XL-UPC;SUP1019S-UPC;SUP2005BGSFBM;SUP1019MV2FBM;SUP2018XL-UPC;SUP2005BGXSFBM;SUP2005BGMFBM;SUP2018SFBM;SUP2005BGXLFBM;Uncommingled.MSKU.1729535621221;Amazon.Found.B07Y5G2B2N;SUP1061XS;SUP2018XS,"$1,018,067.47",SUP,Gloves,82232,87560,"-$74,561.24",6376,-7.32%,7.50%
Folding Cane by Vive (Black),B00RKJUPS6;B07VPQS1RG;B09ZK3RLGR;B094SWK6PX;B01JMXDJ26;B019CXWACG;B09ZK3RLGR;B0CT46BJ7Z;B0CT47YHVX;B0D6857DJ6;B094SWK6PX;B07VPQS1RG;B07VPQS1RG,B00RKJUPGI,CAN1001BLK;CAN1001DBU;MOB1001BLU;MOB1001LPD;CAN1001PUR;CAN1001TAL;MOB1001BLU-UPC;MOB1001BBT;MOB1001GPY;MOB1001SBL;MOB1001LPD-UPC;CAN1001DBU-UPC;FBA16XR3BVYH.missing,"$1,000,593.60",CAN,Canes,55863,57662,"-$56,738.11",3251,-5.67%,7.50%
"3/4"" Quad Rubber Cane Tip by Vive (Black)",B078SJ7ZSJ;B01N2VR54W;B078SJ7ZSJ,B01N4FTBLE,MOB1013BLK;MOB1013GRY;FBA15J3MWKMG.missing,"$245,302.76",MOB,Canes,15049,16446,"-$22,343.55",1486,-9.11%,7.50%
Full Finger Compression Gloves (Medium),B07Y8Q1VK8;B07Y8L2RCC;B07Y8NVGY5;B07Y8Q1WGJ;B0892NSGZ9;B07Y8L2RCC;B07Y8Q1VK8;B07Y8NVGY5;B07Y8Q1VK8,B07Y8P5133,SUP2019GRYM;SUP2019GRYS;SUP2019GRYL;SUP2019GRYXL;SUP2019GRYXS;SUP2019GRYS-UPC;SUP2019GRYMFBM;SUP2019GRYLFBM;Amazon.Found.B07Y8Q1VK8,"$58,914.41",SUP,Gloves,5504,6142,"-$4,489.48",469,-7.62%,7.50%
Standing Cane Tip (RD) (Black),B086WPQNJQ;B086WPQNJQ,B086WPPRLW,MOB1036BLK;MOB1036BLK-UPC,"$52,097.42",MOB,Canes,4703,5193,"-$4,543.82",451,-8.72%,7.50%
Vive Fingerless Copper Arthritis Gloves Black (Medium),B08H8GB318;B08H8NXGLM;B08H8MZB24;B08H8PWMKM;B08H8MKV2W,B08H8P2CQJ,SUP2060BLKM;SUP2060BLKL;SUP2060BLKS;SUP2060BLKXL;SUP2060BLKXS,"$101,362.42",SUP,Gloves,5138,5336,"-$8,378.97",439,-8.27%,7.50%
Wooden Cane,B0BBH4RPJB;B0BBH4RPJB,B0DJ1QXG1Q,MOB1059WOOD;MOB1059WOOD-UPC,"$139,765.13",MOB,Canes,4605,4660,"-$11,460.22",380,-8.20%,7.50%
"Vive Wooden Walking Stick - (48"") Willow Cane for Seniors Hiking & Balance - Heavy Duty Carved Twisted Wood Sticks for Men & Women - Stylish Support Pole for Outdoor Trekking & Weight Bearing",B0CLSY6M74;B0CLSP8QFJ,B0CSHCLFCN,MOB1085WIL48;MOB1085WIL55,"$102,626.25",MOB,Canes,2903,3016,"-$11,952.17",363,-11.65%,7.50%
Walking Cane By Vive - Adjustable Cane for Men & Women - Sturdy Design Makes It the Ultimate Walking Aid - Slip-proof Rubber Gives Staff Added Safety (Black Butterfly),B078Y7KXYW;B00RKK1VU6;B092MVPR8X;B0CCR8MLY5;B019CXU014;B078Y7HH95;B0CCRD6YWK;B00RKK1VU6;B01JMX9C8G;B08L9KBKS3;B08L9KD6VC;B08L9K6PMC;B078Y8QKTD;B08L9JX7BZ;B08L9KBKS3,B0CSH7NXR7,CAN1002DBU;CAN1002BLK;MOB1002LPD;MOB1002BBT;CAN1002TAL;CAN1002WBU;MOB1002GPY;MOB1002BLKFBM;CAN1002PUR;MOB1041TAL-UPC;MOB1041PUR;MOB1041BRZ;CAN1002BFL;MOB1041BLK;MOB1041TAL,"$158,726.88",CAN,Canes,4885,4981,"-$10,791.34",352,-6.80%,7.50%
"Vive Copper Full Finger Arthritis Gloves (Black, Small)",B08KSJMZ98;B08KSHV5DW;B08KSH6JRM;B08KSJ5P8T;B08KSKK42Y;B08KSKK42Y;B08KSKK42Y,B08KSLDTV5,SUP2063BLKS;SUP2063BLKL;SUP2063BLKXS;SUP2063BLKM;SUP2063BLKXL;Uncommingled.MSKU.1731941556109;SUP2063BLKXL-UPC,"$55,770.70",SUP,Gloves,3094,3304,"-$5,615.33",332,-10.07%,7.50%
Quad Cane Replacement Tips (4),B07TCC6JZ5;B07TCC6JZ5;B07TCC6JZ5,B07T85TZQY,MOB1031BLK4;MOB1031BLK4-UPC;MOB1031BLK4FBM,"$50,375.86",MOB,Canes,4501,5016,"-$2,906.13",288,-5.77%,7.50%
"Vive Bed Assist Rail - Adult Bedside Standing Bar for Seniors, Elderly, Handicap, Kid - Fit King, Queen, Full, Twin - Adjustable Fall Prevention Safety Handle Guard - Long Hand Bedrail Grab Bar Cane",B01577KLC2;B01577KLC2,B0B92X8WSL,LVA1024FBM;028841241376,"$99,270.24",LVA,Canes,1202,1250,"-$19,616.26",247,-19.76%,7.50%
Vive Quad Cane - Walking Stick for Men and Women - Lightweight Adjustable Staff - Comfortable Right and Left Hand Grip for Stability Support - Four Prong Sturdy Aluminum Travel Aid - 4 Tip,B00XAXBQHU;B01MZ1USUT;B00XAXBQQQ;B00RKDSB8I;B0C2WKKDX9;B01MZ1USUT;B0C2WMSTJC;B0C2WJZFNW;B0C2WKKDX9;B0C2WJZFNW;B0C2WMSTJC,B00RKDSAPW,CAN1003BLUFBM;CAN1003BLKFBM;CAN1003PURFBM;CAN1003BNZFBM;MOB1073BLKFBM;CAN1003BLK;MOB1073TALFBM;MOB1073PURFBM;MOB1073BLK;MOB1073PUR;MOB1073TAL,"$60,452.15",CAN,Canes,1496,1516,"-$8,204.25",207,-13.57%,7.50%
"Vive Cane Handle Cover - Cushion Grip, Hand Pain Relief for Elderly & Seniors - Foam Pad for Walking Stick - Comfort, Soft & Non-Slip Wrap Around Support Padding - Universal Fit for Most Canes",B0CGTP5CPZ,,CSH1094BLK,"$20,089.09",CSH,Canes,1979,2045,"-$2,017.77",201,-10.04%,7.50%
Textured Arthritis Gloves (Medium),B072FP932W;B072C3JK8D;B071P7RWKW;B071P7RWKW,B072FP9H18,SUP1060M;SUP1060L;SUP1060S;SUP1060S-UPC,"$37,604.95",SUP,Gloves,2562,2973,"-$2,452.77",194,-6.52%,7.50%
Cane Ice Tip by Vive,B072LGTTPQ,,MOB1016,"$47,922.28",MOB,Canes,2916,3209,"-$2,578.28",172,-5.38%,7.50%
"Vive Copper Gloves with Strap (Black, Medium)",B0BSB64369;B0BSB6GW9V;B0BSB4J4GH;B0BSB6M4BG;B0BSBDK5H2,B0CR4D84SB,SUP3030BLKM;SUP3030BLKXS;SUP3030BLKS;SUP3030BLKL;SUP3030BLKXL,"$14,533.30",SUP,Gloves,1161,1231,"-$1,533.81",119,-10.55%,7.50%
"Vive Replacement Cane Tips (2-Pack) - Universal Tip for Walking Sticks (2-Pack, Black)",B09ZQBB25T;B09ZQ3WKMK;B09ZQBB25T;B09ZQBB25T;B09ZQ3WKMK,B0D9XSDPHN,MOB1056BLKPAK2;MOB1056GRYPAK2;MOB1056BLKPAK2-UPC;Uncommingled.MSKU.1723731777374;MOB1056GRYPAK2-UPC,"$11,276.12",MOB,Canes,1352,1468,-$868.05,113,-7.70%,7.50%
Vive Cold Gloves for Chemotherapy Neuropathy (1 Pair) - Heavy Duty Clay Ice Mitts for Hands - Hot & Cold Therapy Gloves for Inflammation & Swelling - Frozen Chemo Hand Ice Packs for Arthritis Pain,B09YCH5XL4;B09YCH5XL4,B09YBZVFRR,Amazon.Found.B09YCH5XL4;RHB2085PAK2,"$21,464.49",Ama,Gloves,715,740,"-$2,738.04",96,-12.76%,7.50%
Carbon Fiber Cane (Carbon Fiber),B08J9FF59K;B08J8K1G1P;B08J9FF59K;B08J8K1G1P;B08J9FF59K,B08J8J3P67,MOB1039BLK;MOB1038BLK;MOB1039BLK-UPC;MOB1038BLK-UPC;MOB1039BLKFBM,"$41,843.77",MOB,Canes,905,918,"-$4,012.69",87,-9.59%,7.50%
"Vive Hemi Walker for Seniors - Ultra Lightweight, Narrow 1-Arm Folding Walker for Small Spaces, Foldable - Works as Chair Stand Assist Aid Grab Bar for Elderly - Sit to Stand Side-Style Walker Cane",B0CR5QQSDZ;B0CR5QQSDZ,B0CV7BQQ54,MOB1089FBM;MOB1089,"$31,389.79",MOB,Canes,676,684,"-$3,346.00",74,-10.66%,7.50%
Vive Offset Bariatric Cane (Blue),B08QTQS73M,,MOB1042BLU,"$17,921.83",MOB,Canes,421,440,"-$2,224.05",56,-12.41%,7.50%
Vive Massage Cane with Interchangeable Heads (Black/Blue),B0BW2RTL1Q,B0BW29LVM4,RHB2102BLKBLU,"$15,580.68",RHB,Canes,661,678,"-$1,225.19",53,-7.86%,7.50%
Vive Standing Dome Cane Tip (Black),B092DSGC7G;B092DSGC7G,B092DWK3KH,MOB1050BLK;MOB1050BLKFBM,"$6,221.64",MOB,Canes,343,385,-$831.48,52,-13.36%,7.50%
Folding Cane with LED Light (Black),B0747T43KB;B0747T43KB,B0747SQL4Z,MOB1017BLK;MOB1017BLK-UPC,"$9,952.18",MOB,Canes,465,496,-$870.83,43,-8.75%,7.50%
"Vive Quad Canes - 4 Prong Folding Cane with Extra Handle for Men, Women & Seniors - Walking Sticks, Adjustable & Lightweight - Upright Offset Aid for Balance Support for Elderly, Handicap & Disabled",B0CHXGWVNV;B0CHXTKGGQ,B0CRYD7JTV,MOB1083BLK;MOB1083TAL,"$14,054.42",MOB,Canes,432,439,"-$1,540.58",42,-10.96%,7.50%
Vive Massage Cane with Interchangeable Heads (Gray),B094XD6SN5,B094WYNTKM,RHB2041GRY,"$6,637.76",RHB,Canes,289,295,"-$1,006.04",42,-15.16%,7.50%
"Vive Upright Walker for Seniors - Bariatric Rollator with Seat, Armrest, and Bag Basket, Stand Up Heavy Duty Folding Rolling Standing Aid with Cane Holder - Extra Tall Adult Walking Support",B09N9RVXRB,B0BQSXDVRV,MOB1055BLUFBM,"$80,459.28",MOB,Canes,322,322,"-$9,649.75",40,-11.99%,7.50%
Vive Shock Absorbing Cane Tip (2-Pack) (Black),B094DJWFQM,B09ZQ3F6PC,MOB1051BLK,"$2,532.98",MOB,Canes,307,319,-$313.09,39,-12.36%,7.50%
Carbon Cane (Black),B07L4MN5SR;B07L4MN5SR,B07L4WRKZK,MOB1023BLK;MOB1023BLKFBM,"$17,185.49",MOB,Canes,193,195,"-$1,880.07",21,-10.94%,7.50%
"Vive Walking Cane with Swivel - Folding Cane with Offset Design for Women, Men, Seniors, Elderly, Adults - Supports 250lbs, Quad, Foldable, Adjustable, Lightweight, Slip Resistant Living Aid",B0CHN42J9B;B0CFZCHRHY,B0CQ3ZQ14H,MOB1081PUR;MOB1081LK,"$1,867.79",MOB,Canes,106,107,-$359.81,19,-19.26%,7.50%
"2 Pack Arthritis Gloves (Gray, Large)",B0B69PH581;B0B69QSMX3;B0B69QNZLK;B0B69PGPZ7;B0B69PNDKP,B0CCKSSCHP,SUP1019L2PAK;SUP1019M2PAK;SUP1019XL2PAK;SUP1019S2PAK;SUP1019XS2PAK,"$5,196.23",SUP,Gloves,273,294,-$305.65,17,-5.88%,7.50%
"Vive Cane Handle Cover - Cushion Grip, Hand Pain Relief for Elderly & Seniors - Foam Pad for Walking Stick - Comfort, Soft & Non-Slip Wrap Around Support Padding - Universal Fit for Most Canes",B0CGTP5CPZ,,CSH1094BLK-UPC,"$2,297.70",CSH,Canes,223,231,-$169.83,17,-7.39%,7.50%
Vive Exfoliating Gloves (Black & Blue),B095X3XM1M;B095X41QZ5,B095X6BWJV,LVA2084BLKB;LVA2084BLKP,"$1,314.95",LVA,Gloves,178,189,-$92.87,12,-7.06%,7.50%
"Vive Cane Handle Cover - Cushion Grip, Hand Pain Relief for Elderly & Seniors - Foam Pad for Walking Stick - Comfort, Soft & Non-Slip Wrap Around Support Padding - Universal Fit for Most Canes",B0CGTP5CPZ,,CSH1094,"$1,558.34",CSH,Canes,153,157,-$79.92,8,-5.13%,7.50%
"Vive Offset Walking Cane with Comfort-Foam Handle - for Women, Men, Seniors - Lightweight & Adjustable Single Point Walking Stick with a Non-Slip Tip for Stability, Balance, & Support (Purple)",B0DMCW3V5W;B0DMCKMTGP;B0DMDHBB9Q,B0DMD7BSM7,MOB1072PUR;MOB1072TAL;MOB1072BLK,$199.92,MOB,Canes,28,29,$0.00,0,0.00%,7.50%
Walker Bag by Vive,B01AOBN78Q;B01N3QUD3E;B08WCJ3HRR;B08KSKFXRW;B08WCMBPMK;B08KSHZHGW;B08FJGHX8W;B096N5MYSV;B096N4DCGW;B08WCG6RVH;B01MTLUEHE;B08KSKFXRW;B0C3QH44TB;B08WCJ3HRR;B0C3QJDXD4;B01N3QUD3E;B0C3QKCKBN;B01MTLUEHE;B096N589XJ;B08FJGHX8W;B08KSHZHGW;B08KSHZHGW,B06X9BNW3T,LVA1026;LVA1026PUR;LVA1026PFL;LVA1026LPD;LVA1026FTH;LVA1026GRY;LVA1026USA;LVA1026TYD;LVA1026CHV;LVA1026BLC;LVA1026GRN;LVA1026LPD-UPC;LVA1026WLC;LVA1026PFL-UPC;LVA1026BFL;LVA1026PUR-UPC;LVA3021DGRN;LVA1026GRN-UPC;LVA1026RLP;LVA1026USA-UPC;LVA1026GRY-UPC;Uncommingled.MSKU.1730125755734,"$413,984.62",LVA, walker bag,21036,21368,"-$27,598.15",1418,-6.67%,7.00%
Trigger Finger Splint by Vive,B01N2RDSGR;B07GSCCRYL;B01N2RDSGR;B07GSCCRYL,B07GSD68H5,SUP1052;SUP1052PAK2;SUP1052-UPC;SUP1052PAK2-UPC,"$606,078.17",SUP,splint,49418,54029,"-$33,755.95",2999,-5.57%,6.50%
"Vive Broken Finger Splint - Universal Brace for Sprained, Matter and Trigger Fingers - Sprain Relief for Middle, Index, Ring, and Pinky Fingers (1 Count, Black)",B09ZKQ1451;B09ZKQ1451,B0DF6Q4R74,SUP3008BLK;SUP3008BLK-UPC,"$330,096.59",SUP,splint,39109,40778,"-$13,678.98",1697,-4.14%,6.50%
Full Trigger Finger Splint,B078MW5YBT;B078MW5YBT;B08TRQZPVL;B08TRQZPVL;B08TRQ87WD;B08TRQ87WD;B08TRQ87WD,B08TRQ3VP9,SUP1071BLK;SUP1071BLK-UPC;SUP1071BGE;SUP1071BGE-UPC;SUP1071GRY-UPC;Amazon.Found.B08TRQ87WD;SUP1071GRY,"$167,215.37",SUP,splint,11827,12267,"-$18,022.93",1315,-10.78%,6.50%
"Vive Dual Trigger Finger Splint - Hand Support -Immobilizer For Middle, Pinky, Metacarpal And Ring Fingers - Straightening Braces For Contractures And Broken Fingers And Arthritis - For Men And Women (Black)",B09J5DBD9H;B09J5DBD9H;B09J5DBD9H,B09J5CK1FK,SUP2091BLK;FBA182YH8NY9 .missing 1;SUP2091BLK-UPC,"$105,385.08",SUP,splint,5069,5290,"-$15,710.19",785,-14.91%,6.50%
Vive Trigger Finger Splint (Palm Strap) (Black),B082T285ZD;B082T285ZD,B082T3S7MT,SUP2023BLK;SUP2023BLK-UPC,"$16,332.67",SUP,splint,1161,1287,"-$1,437.76",110,-8.80%,6.50%
"Vive Finger Splint Brace - Stroke Rehabilitation Glove for Elderly Patients - Hand Therapy Recovery Equipment - Physical Aid for Active Grip Support & Stability for Hemiplegia, Quadriplegic, Paralysis",B0CCD1JRHL,,SUP3039BLK,"$4,632.16",SUP,splint,449,488,-$209.79,20,-4.53%,6.50%
Aluminum Finger Splint (3),B07W5K3LFX;B07W5K3LFX;B07W5K3LFX,B07W6K973M,SUP2010ALU;SUP2010ALU-UPC;SUP2010ALUFBM,"$3,213.16",SUP,splint,229,245,-$129.90,9,-4.04%,6.50%
Knee Ice Brace (Gray),B079JX3J4W;B0B3KW539X;B0B3L1ZV8V;B0B3KW539X;B079JX3J4W;B0B3L51QGG;B0B3L51QGG;B0B3L1ZV8V;B079JX3J4W;B079JX3J4W,B0BLT4FY9T,SUP1070GRY;SUP1070BLK;SUP1070BLKB;SUP1070BLK-UPC;SUP1070GRY-UPC;SUP1070GRYP;SUP1070GRYP-UPC;SUP1070BLKB-UPC2;FBA15HYPHSGW.missing;SUP1070GRYFBM,"$2,034,441.17",SUP,Ice/Bracing,68465,73436,"-$107,679.15",3870,-5.29%,6.00%
Wrist Ice Wrap (1),B07VGY2G4Y;B07VGY2G4Y,B07VFXQKVS,SUP2003GRY;SUP2003GRY-UPC,"$464,417.76",SUP,wrist,28530,31593,"-$25,749.77",1748,-5.54%,6.00%
"Arctic Flex Hot and Cold Therapy Sleeve - Flexible Ice Brace Pack for Knee, Elbow, Calf and Foot - Freeze Therapy Compression - Reusable Gel Pack for Pain Relief and Injury Recovery (Black, XX-Large) (Black, Large)",B09YC7ZMQX;B09YC9893S;B09YBYXFFW;B09YBWNQTW;B0B69NR82D;B09YC6CDXN,B09YC1QCYL,RHB2084BLKL;RHB2084BLKM;RHB2084BLKXL;RHB2084BLKXXL;RHB2084BLK3XL;RHB2084BLKS,"$134,935.22",RHB,Ice/Bracing,5283,5867,"-$8,281.67",359,-6.14%,6.00%
Wrist ice Pack (Teal),B0B75FTRPG,,RHB2090TAL,"$53,656.08",RHB,wrist,2543,2771,"-$3,983.75",208,-7.42%,6.00%
"Arctic Flex Gel Replacement Packs - Gel Ice Packs Reusable for Knee Ice Brace - Hot and Cold Gel Pack for Injuries, Pain Relief, Swelling - Flexible Therapy Compression Wrap - Athletic, Women, Men",B07VF87X1D,,RHB1098KNE-UPC,"$15,657.03",RHB,Ice/Bracing,787,870,-$617.80,34,-3.95%,6.00%
"Arctic Flex Wrist Ice Pack Wrap - Hot & Cold Gel Therapy Compress for Joint Pain Relief - Reusable Compression Sleeve Freeze & Microwavable - Support for Bruise, Swelling, Sprain, Rheumatoid Arthritis",B0CJPCSX1N,,RHB3013BLKPAK2,"$2,813.11",RHB,wrist,195,206,-$181.88,12,-6.47%,6.00%
"Arctic Flex Gel Replacement Packs - Gel Ice Packs Reusable for Elbow Ice Brace - Hot and Cold Gel Ice Pack for Injuries, Pain Relief, Swelling - Flexible Therapy Compression Wrap - Athletic Women, Men",B093TFK1LV,,RHB1098ELB-UPC,$479.56,RHB,Ice/Bracing,24,24,-$19.99,1,-4.17%,6.00%
"Arctic Flex Gel Replacement Packs - Gel Ice Packs Reusable for Back Ice Brace - Hot and Cold Gel Ice Pack for Injuries, Pain Relief, Swelling - Flexible Therapy Compression Wrap - Athletic, Women, Men",B093THXNB7,,RHB1098BCK-UPC,$53.97,RHB,Ice/Bracing,4,5,-$17.99,1,-33.33%,6.00%
"Arctic Flex Gel Replacement Packs - Gel Ice Packs Reusable for Wrist Ice Brace - Hot Cold Gel Ice Pack for Injuries, Pain Relief, Swelling - Flexible Therapy Compression Wrap - Athletic, Women, Men",B093TG9ZK6,,RHB1098WRS-UPC,$49.95,RHB,Ice/Bracing,5,5,$0.00,0,0.00%,6.00%
Walker Ski Glides,B00WFRQXRU;B09RN8WJ7L,B07GPXW7XM,04-WLD1-1UOG;MOB1045WHT2PK,"$181,394.86",04-,walker ski glides,15944,18727,"-$9,287.38",927,-5.12%,5.50%
Vive Walker Ski Glide Covers (4),B08KFGFW6K;B08KFGFW6K;B08KFGFW6K,B08KFD7HDT,MOB1006CVRPAK4;MOB1006CVRPAK4-UPC;MOB1006CVRPAK4FBM,"$150,072.71",MOB,walker ski glides,13530,15045,"-$8,446.42",840,-5.63%,5.50%
"Vive Walker Ski Glides (Pair) - Universal Fit, Heavy Duty Tennis Ball Slide Accessories for Seniors - Medical Walker Slider - Rubber Coaster Sock Covers - Durable Replacement Caps - Easy to Install",B09RN8WJ7L,,MOB1045WHT2PK-UPC,"$2,887.31",MOB,walker ski glides,223,322,-$71.92,8,-2.49%,5.50%
Toe Separators By Envelop,B00SVEW9J2;B00SVEW9IS;B07MBC4CR9;B07MPD95Z9;B07MPD95Z9;B00SVEW9IS;B07MBC4CR9;B00SVEW9J2;B00SVEW9IS;B07MPD95Z9,B0C628L2LR,INS1014BLU;INS1014GRN;INS1014BLUS;INS1014GRNS;INS1014GRNS-UPC;INS1014GRNFBM;INS1014BLUSFBM;INS1014BLU-UPC;INS1014GRN-UPC;INS1014GRNSFBM,"$516,549.08",INS,toe seperators,42581,43559,"-$22,566.00",1889,-4.37%,5.00%
Hot and Cold Massage Ball Set,B072K69VDN,,RHB1032,"$241,710.69",RHB,massage ball,12017,12126,"-$11,561.90",579,-4.78%,5.00%
"Vive Massage Ball Set (4 Piece) - Foot Pain Hot Cold Therapy Kit - Plantar Fasciitis, Heel Spur, Sore Muscles, Trigger Point - Back, Arm, Neck, Shoulder, Leg Circulation Roller - PT Spike Massager",B072K69VDN,,RHB1032-UPC,"$283,289.38",RHB,massage ball,13654,13874,"-$10,591.42",520,-3.74%,5.00%
ViveSole Gel Bunion Corrector - Toe Separators Sleeve Support for Pain - Orthopedic Big Hammer Toe Guard Straightener - Day Or Night Valgus Relief for Women and Men (Small),B09PSZSMPT;B09PT1HSPZ;B09PSX9PSJ,B09PSLBH3S,INS1051S;INS1051M;INS1051L,"$41,032.36",INS,toe seperators,3066,3209,"-$4,464.11",353,-10.88%,5.00%
Vive 3 Layer Toe Separator - Hammer Corrector for Overlapping - Cushioned Blister Treatment and Straightener - Aligment Tool Spacer for Bunion Foot Pain Relief (Clear),B09PSSBHQY,B09PSG8MDZ,INS1053,"$9,114.68",INS,toe seperators,655,698,-$730.13,56,-8.01%,5.00%
Vibrating Massage Ball (Black),B07W5QD8V3,B07W7V52ZR,RHB2006BLK,"$24,893.09",RHB,massage ball,704,737,"-$1,857.79",54,-7.46%,5.00%
"Ergonomic Toe Seperators - Vive Toe Spacers for Men & Women - Silicone Toe Seperators & Spreaders for Feet to Correct & Align Toes - Foot Spacers For Bunions, Plantar Fasciitis & Hammer Toe",B0CRFRSK1G;B0CRFC5JFH;B0CRG52X9B,B0D88X37GW,INS1059BLUM;INS1059BLUS;INS1059BLUL,"$2,138.01",INS,toe seperators,292,296,-$64.84,8,-3.03%,5.00%
Vibrating Massage Ball (Black),B07WNJX122,B07WSGLKS8,RHB2007BLK,"$3,228.69",RHB,massage ball,97,98,-$257.42,8,-7.97%,5.00%
Double Massage Ball by Vive (Gray),B06XXK2YQC,B06XX83XKX,RHB1021GRY,"$2,064.85",RHB,massage ball,119,135,-$93.94,6,-4.55%,5.00%
Shoulder Pulley by Vive (Blue),B071149H43,,RHB1022BLU,"$694,092.61",RHB,Shoudler pulley,45661,46751,"-$25,921.39",1744,-3.73%,4.00%
Vive Shoulder Pulley for Physical Therapy - Rotator Cuff Pain Pulley System - Over Door Rehab Exerciser - with Durable Metal Pulley & Comfortable Padd,B071149H43,,RHB1022BLU-UPC,"$141,025.47",RHB,Shoudler pulley,9289,9532,"-$3,601.61",247,-2.55%,4.00%
Ergonomic Shoulder Pulley,B0C5ZB8HC4,,RHB3001BLK,"$7,137.54",RHB,Shoudler pulley,427,438,-$239.86,14,-3.36%,4.00%
Vive Care 4x4 Sterile Gauze Pads (50pc) - Individually Wrapped Wound Dressing for Cleaning and Cushioning - Non-Adhesive Highly Absorbent Bandages -Soft Sponge Pads for Home (4in),B09WJN53TX;B09WJLRBP7;B09WJN53TX;B09WJLRBP7;B09WJLRBP7,B09WJNFFLN,RHB2081L;RHB2081S;RHB2081L-UPC;FBA178XK8V88.missing1;RHB2081S-UPC,"$386,581.84",RHB,Gauze,22392,26648,"-$6,724.09",473,-1.74%,2.50%
"Vive Care Adhesive Border Gauze 6""x6"" (15pcs) - Ultra Absorbent Wound Care Dressing - Breathable Sterile Bed Sore Bandage - Individually Wrapped Non-Woven Pad for Ulcer - Bordered Non-Stick (6in)",B09WJKGWLC;B09WJN3F1C;B0BV7G1M2C;B0BV7MZ2YQ;B0BV7L312Z;B0BV7MZ2YQ,B09WJJLLSH,RHB2079L;RHB2079S;RHB2079WHT48;RHB2079WHT410;RHB2079WHT22;RHB2079WHT410-UPC,"$50,308.71",RHB,Gauze,3632,4376,"-$2,063.94",170,-4.10%,2.50%
"Vive Soft Cloth Surgical Tape 2""x10 Yds (3 Rolls) - Hypoallergenic First Aid Kit Supplies for Wound Dressing - Latex-Free Medical Fabric Adhesive - Non-Woven Breathable Gauze and Bandages (4 in)",B09WFWBC5F;B09WGDLTZ4,B09WFZBC1S,RHB2073L;RHB2073S,"$28,995.59",RHB,Gauze,2030,2248,"-$1,706.96",135,-5.89%,2.50%
"Vive Care Calcium Alginate Dressing - 2x2 Medical Gauze Pads - Highly Absorbent Sterile Patches - Wound Care for Ulcer, Bed Sore, G Tube and Diabetic Foot - Individual Non-Stick Padding - Burn Healing Pad (4in)",B09WJHVSB7;B09WJHVK4N;B09WJHVSB7,B09WJJN6YS,RHB2078L;RHB2078S;RHB2078L-UPC,"$59,714.23",RHB,Gauze,3365,5333,-$550.23,47,-0.92%,2.50%
"Vive Hydrocolloid Wound Sterile Dressing - Medical Gauze Pad - Wound Care for Burns, Cysts and Ulcer Treatment - Highly Absorbent Individual Patch - Non-Stick Padding - Bed Sore Bandage (4 Inch)",B09ZJ3C4N4;B09ZJ2P9ZM;B09ZJ3C4N4,B09ZJ32VFX,RHB2077S;RHB2077L;RHB2077S-UPC,"$56,951.29",RHB,Gauze,2740,3280,-$812.53,47,-1.43%,2.50%
"Vive Care Silver Alginate Sterile Dressing - 2x2 Medical Gauze Pad - Wound Care for Burns, Cysts and Ulcer Treatment - Highly Absorbent Individual Patch - Non-stick Padding - Antimicrobial Bed Sore Bandage (4in)",B09WG25H77;B09WG25H77;B09WG3D168,B0CT31GFTX,RHB2076L;RHB2076L-UPC;RHB2076S,"$35,110.57",RHB,Gauze,1532,2144,-$531.53,36,-1.51%,2.50%
Vive Care Sterile Gauze Rolls - Conforming Stretch Medical Tape - Soft Compression Wound Care Products - First Aid Kit Pads and Supplies - Hypoallergenic Body Wrap Bandages (4in),B09WJLS9QJ;B09WJJBS5T,B09WJKRBVL,RHB2080L;RHB2080S,"$30,097.45",RHB,Gauze,1044,1271,-$257.86,12,-0.86%,2.50%
"Vive Toilet Seat Riser with Handles - Raised Toilet Seat with Padded Arms for Handicapped - Medical Handicap Bathroom Safety Chair - Portable, High and Elevated Lifter Extender (Elongated)",B074JCVMY2;B074JBHJDY,B0CKG4V2CR,LVA1071EFBM;LVA1071SFBM,"$1,060,600.73",LVA,Commode Riser,14476,14857,"-$187,432.15",2594,-17.67%,17.50%
Knee Walker Pad Cover (Sheepskin-Black),B079Q7FWWF;B08ZHJP9ZT;B079Q7FWWF;B08ZH4KRLY;B08ZHM9KLK;B08ZHM9KLK;B00WNSBSO4;B00WNSBSO4,B0CP8QZDPB,CSH1006BLK;CSH1006PNK;CSH1006BLK-UPC;CSH1006BLU;CSH1006GRY;CSH1006GRY-UPC;CSH1006;CSH1006-UPC,"$647,480.24",CSH,,27003,27222,"-$59,954.45",2511,-9.26%,9.50%
Toilet Seat Cushion (White),B087NF5N6G;B09DRNVTBR;B09T4X2S12;B087NF5N6G;B09DRNVTBR;B09T4X2S12,B0CG7LHLH1,CSH1061WHT;CSH1079WHT;CSH1061BLK2;CSH1061WHT-UPC;CSH1079WHT-UPC;Amazon.Found.B09T4X2S12,"$589,708.59",CSH,Commode cushion,15769,16150,"-$92,808.90",2389,-15.74%,16.00%